-- phpMyAdmin SQL Dump
-- version 4.6.4
-- https://www.phpmyadmin.net/
--
-- Хост: localhost
-- Время создания: Сен 27 2017 г., 16:05
-- Версия сервера: 5.6.31-log
-- Версия PHP: 5.6.23

SET SQL_MODE = "NO_AUTO_VALUE_ON_ZERO";
SET time_zone = "+00:00";


/*!40101 SET @OLD_CHARACTER_SET_CLIENT=@@CHARACTER_SET_CLIENT */;
/*!40101 SET @OLD_CHARACTER_SET_RESULTS=@@CHARACTER_SET_RESULTS */;
/*!40101 SET @OLD_COLLATION_CONNECTION=@@COLLATION_CONNECTION */;
/*!40101 SET NAMES utf8mb4 */;

--
-- База данных: `cms`
--

-- --------------------------------------------------------

--
-- Структура таблицы `activities`
--

CREATE TABLE `activities` (
  `id` int(10) UNSIGNED NOT NULL,
  `user_id` int(10) UNSIGNED NOT NULL,
  `observable_id` int(10) UNSIGNED NOT NULL,
  `observable_type` varchar(255) COLLATE utf8_unicode_ci NOT NULL,
  `observable_name` varchar(255) COLLATE utf8_unicode_ci NOT NULL,
  `user_name` varchar(255) COLLATE utf8_unicode_ci NOT NULL,
  `type` varchar(255) COLLATE utf8_unicode_ci NOT NULL,
  `created_at` timestamp NOT NULL DEFAULT '0000-00-00 00:00:00',
  `updated_at` timestamp NOT NULL DEFAULT '0000-00-00 00:00:00'
) ENGINE=InnoDB DEFAULT CHARSET=utf8 COLLATE=utf8_unicode_ci;

--
-- Дамп данных таблицы `activities`
--

INSERT INTO `activities` (`id`, `user_id`, `observable_id`, `observable_type`, `observable_name`, `user_name`, `type`, `created_at`, `updated_at`) VALUES
(1, 1, 1, 'User', 'Ветлугин Александр', 'Ветлугин Александр', 'updated', '2017-09-11 12:25:16', '2017-09-11 12:25:16'),
(2, 1, 1, 'User', 'Ветлугин Александр', 'Ветлугин Александр', 'updated', '2017-09-11 12:25:28', '2017-09-11 12:25:28'),
(3, 1, 1, 'User', 'Ветлугин Александр', 'Ветлугин Александр', 'updated', '2017-09-11 13:21:45', '2017-09-11 13:21:45'),
(4, 1, 1, 'User', 'Ветлугин Александр', 'Ветлугин Александр', 'updated', '2017-09-11 13:21:53', '2017-09-11 13:21:53'),
(5, 1, 2, 'User', 'Василий Пупкин', 'Ветлугин Александр', 'created', '2017-09-11 13:39:50', '2017-09-11 13:39:50'),
(6, 1, 2, 'User', 'Василий Пупкин', 'Ветлугин Александр', 'deleted', '2017-09-11 13:46:08', '2017-09-11 13:46:08'),
(7, 1, 1, 'User', 'Ветлугин Александр', 'Ветлугин Александр', 'updated', '2017-09-11 14:56:30', '2017-09-11 14:56:30'),
(8, 1, 3, 'Page', 'Пользовательское соглашение', 'Ветлугин Александр', 'created', '2017-09-12 14:53:05', '2017-09-12 14:53:05'),
(9, 1, 4, 'Page', 'Политика конфиденциальности', 'Ветлугин Александр', 'created', '2017-09-13 05:46:56', '2017-09-13 05:46:56'),
(10, 1, 5, 'Page', 'История компании', 'Ветлугин Александр', 'created', '2017-09-13 05:49:03', '2017-09-13 05:49:03'),
(11, 1, 6, 'Page', 'ыфвафы вафыв афывафываф ывфыв', 'Ветлугин Александр', 'created', '2017-09-13 08:41:46', '2017-09-13 08:41:46'),
(12, 1, 6, 'Page', 'ыфвафы вафыв афывафываф ывфыв', 'Ветлугин Александр', 'deleted', '2017-09-13 08:43:38', '2017-09-13 08:43:38'),
(13, 1, 7, 'Page', 'Стеклоблоки', 'Ветлугин Александр', 'created', '2017-09-13 08:44:34', '2017-09-13 08:44:34'),
(14, 1, 7, 'Page', 'Стеклоблоки', 'Ветлугин Александр', 'deleted', '2017-09-13 08:44:45', '2017-09-13 08:44:45'),
(15, 1, 1, 'Page', 'Главная', 'Ветлугин Александр', 'updated', '2017-09-13 09:30:53', '2017-09-13 09:30:53'),
(16, 1, 2, 'Page', 'О компании', 'Ветлугин Александр', 'updated', '2017-09-13 09:32:14', '2017-09-13 09:32:14'),
(17, 1, 3, 'Page', 'Пользовательское соглашение', 'Ветлугин Александр', 'updated', '2017-09-13 09:32:17', '2017-09-13 09:32:17'),
(18, 1, 4, 'Page', 'Политика конфиденциальности', 'Ветлугин Александр', 'updated', '2017-09-13 09:32:18', '2017-09-13 09:32:18'),
(19, 1, 2, 'Page', 'О компании', 'Ветлугин Александр', 'updated', '2017-09-13 09:32:22', '2017-09-13 09:32:22'),
(20, 1, 3, 'Page', 'Пользовательское соглашение', 'Ветлугин Александр', 'updated', '2017-09-13 09:32:23', '2017-09-13 09:32:23'),
(21, 1, 4, 'Page', 'Политика конфиденциальности', 'Ветлугин Александр', 'updated', '2017-09-13 09:32:24', '2017-09-13 09:32:24'),
(22, 1, 2, 'Page', 'О компании', 'Ветлугин Александр', 'updated', '2017-09-13 09:32:58', '2017-09-13 09:32:58'),
(23, 1, 3, 'Page', 'Пользовательское соглашение', 'Ветлугин Александр', 'updated', '2017-09-13 09:34:38', '2017-09-13 09:34:38'),
(24, 1, 3, 'Page', 'Пользовательское соглашение', 'Ветлугин Александр', 'updated', '2017-09-13 09:35:45', '2017-09-13 09:35:45'),
(25, 1, 3, 'Page', 'Пользовательское соглашение', 'Ветлугин Александр', 'updated', '2017-09-13 09:35:53', '2017-09-13 09:35:53'),
(26, 1, 3, 'Page', 'Пользовательское соглашение', 'Ветлугин Александр', 'updated', '2017-09-13 09:36:05', '2017-09-13 09:36:05'),
(27, 1, 3, 'Page', 'Пользовательское соглашение', 'Ветлугин Александр', 'updated', '2017-09-13 09:36:08', '2017-09-13 09:36:08'),
(28, 1, 3, 'Page', 'Пользовательское соглашение', 'Ветлугин Александр', 'updated', '2017-09-13 09:36:28', '2017-09-13 09:36:28'),
(29, 1, 3, 'Page', 'Пользовательское соглашение', 'Ветлугин Александр', 'updated', '2017-09-13 09:36:29', '2017-09-13 09:36:29'),
(30, 1, 3, 'Page', 'Пользовательское соглашение', 'Ветлугин Александр', 'updated', '2017-09-13 09:36:31', '2017-09-13 09:36:31'),
(31, 1, 4, 'Page', 'Политика конфиденциальности', 'Ветлугин Александр', 'updated', '2017-09-13 09:36:33', '2017-09-13 09:36:33'),
(32, 1, 1, 'Page', 'Главная', 'Ветлугин Александр', 'updated', '2017-09-13 09:36:40', '2017-09-13 09:36:40'),
(33, 1, 2, 'Page', 'О компании', 'Ветлугин Александр', 'updated', '2017-09-13 09:36:40', '2017-09-13 09:36:40'),
(34, 1, 4, 'Page', 'Политика конфиденциальности', 'Ветлугин Александр', 'updated', '2017-09-13 09:36:46', '2017-09-13 09:36:46'),
(35, 1, 2, 'Page', 'О компании', 'Ветлугин Александр', 'updated', '2017-09-13 09:39:10', '2017-09-13 09:39:10'),
(36, 1, 3, 'Page', 'Пользовательское соглашение', 'Ветлугин Александр', 'updated', '2017-09-13 09:39:11', '2017-09-13 09:39:11'),
(37, 1, 4, 'Page', 'Политика конфиденциальности', 'Ветлугин Александр', 'updated', '2017-09-13 09:39:11', '2017-09-13 09:39:11'),
(38, 1, 2, 'Page', 'О компании', 'Ветлугин Александр', 'updated', '2017-09-13 09:39:16', '2017-09-13 09:39:16'),
(39, 1, 3, 'Page', 'Пользовательское соглашение', 'Ветлугин Александр', 'updated', '2017-09-13 09:39:16', '2017-09-13 09:39:16'),
(40, 1, 4, 'Page', 'Политика конфиденциальности', 'Ветлугин Александр', 'updated', '2017-09-13 09:39:20', '2017-09-13 09:39:20'),
(41, 1, 1, 'Page', 'Главная', 'Ветлугин Александр', 'updated', '2017-09-13 11:43:12', '2017-09-13 11:43:12'),
(42, 1, 2, 'Page', 'О компании', 'Ветлугин Александр', 'updated', '2017-09-13 11:43:12', '2017-09-13 11:43:12'),
(43, 1, 4, 'Page', 'Политика конфиденциальности', 'Ветлугин Александр', 'updated', '2017-09-13 11:43:13', '2017-09-13 11:43:13'),
(44, 1, 3, 'Page', 'Пользовательское соглашение', 'Ветлугин Александр', 'updated', '2017-09-13 11:43:14', '2017-09-13 11:43:14'),
(45, 1, 1, 'Page', 'Главная', 'Ветлугин Александр', 'updated', '2017-09-13 11:43:18', '2017-09-13 11:43:18'),
(46, 1, 3, 'Page', 'Пользовательское соглашение', 'Ветлугин Александр', 'updated', '2017-09-13 11:43:19', '2017-09-13 11:43:19'),
(47, 1, 4, 'Page', 'Политика конфиденциальности', 'Ветлугин Александр', 'updated', '2017-09-13 11:43:21', '2017-09-13 11:43:21'),
(48, 1, 2, 'Page', 'О компании', 'Ветлугин Александр', 'updated', '2017-09-13 11:43:23', '2017-09-13 11:43:23'),
(49, 1, 1, 'Photo', 'О компании', 'Ветлугин Александр', 'created', '2017-09-15 09:08:31', '2017-09-15 09:08:31'),
(50, 1, 2, 'Photo', 'О компании', 'Ветлугин Александр', 'created', '2017-09-15 09:09:08', '2017-09-15 09:09:08'),
(51, 1, 3, 'Photo', 'О компании', 'Ветлугин Александр', 'created', '2017-09-15 09:09:09', '2017-09-15 09:09:09'),
(52, 1, 4, 'Photo', 'О компании', 'Ветлугин Александр', 'created', '2017-09-15 09:09:10', '2017-09-15 09:09:10'),
(53, 1, 5, 'Photo', 'О компании', 'Ветлугин Александр', 'created', '2017-09-15 09:09:10', '2017-09-15 09:09:10'),
(54, 1, 6, 'Photo', 'О компании', 'Ветлугин Александр', 'created', '2017-09-15 09:09:11', '2017-09-15 09:09:11'),
(55, 1, 1, 'Page', 'Главная', 'Ветлугин Александр', 'updated', '2017-09-19 06:58:49', '2017-09-19 06:58:49'),
(56, 1, 1, 'Page', 'Главная', 'Ветлугин Александр', 'updated', '2017-09-19 06:58:52', '2017-09-19 06:58:52'),
(57, 1, 2, 'Page', 'О компании', 'Ветлугин Александр', 'updated', '2017-09-19 06:58:53', '2017-09-19 06:58:53'),
(58, 1, 2, 'Page', 'О компании', 'Ветлугин Александр', 'updated', '2017-09-19 06:58:54', '2017-09-19 06:58:54'),
(59, 1, 4, 'Page', 'Политика конфиденциальности', 'Ветлугин Александр', 'updated', '2017-09-19 06:58:55', '2017-09-19 06:58:55'),
(60, 1, 4, 'Page', 'Политика конфиденциальности', 'Ветлугин Александр', 'updated', '2017-09-19 06:58:57', '2017-09-19 06:58:57'),
(61, 1, 3, 'Page', 'Пользовательское соглашение', 'Ветлугин Александр', 'updated', '2017-09-19 06:58:57', '2017-09-19 06:58:57'),
(62, 1, 3, 'Page', 'Пользовательское соглашение', 'Ветлугин Александр', 'updated', '2017-09-19 06:58:58', '2017-09-19 06:58:58'),
(63, 1, 7, 'Photo', 'О компании', 'Ветлугин Александр', 'created', '2017-09-19 07:55:27', '2017-09-19 07:55:27'),
(64, 1, 8, 'Photo', 'О компании', 'Ветлугин Александр', 'created', '2017-09-19 07:55:29', '2017-09-19 07:55:29'),
(65, 1, 9, 'Photo', 'О компании', 'Ветлугин Александр', 'created', '2017-09-19 07:55:29', '2017-09-19 07:55:29'),
(66, 1, 10, 'Photo', 'О компании', 'Ветлугин Александр', 'created', '2017-09-19 07:55:30', '2017-09-19 07:55:30'),
(67, 1, 11, 'Photo', 'О компании', 'Ветлугин Александр', 'created', '2017-09-19 07:55:31', '2017-09-19 07:55:31'),
(68, 1, 12, 'Photo', 'О компании', 'Ветлугин Александр', 'created', '2017-09-19 07:55:32', '2017-09-19 07:55:32'),
(69, 1, 13, 'Photo', 'О компании', 'Ветлугин Александр', 'created', '2017-09-19 07:55:32', '2017-09-19 07:55:32'),
(70, 1, 14, 'Photo', 'О компании', 'Ветлугин Александр', 'created', '2017-09-19 07:55:33', '2017-09-19 07:55:33'),
(71, 1, 1, 'Photo', 'О компании', 'Ветлугин Александр', 'created', '2017-09-19 13:30:56', '2017-09-19 13:30:56'),
(72, 1, 2, 'Photo', 'О компании', 'Ветлугин Александр', 'created', '2017-09-19 13:30:57', '2017-09-19 13:30:57'),
(73, 1, 3, 'Photo', 'О компании', 'Ветлугин Александр', 'created', '2017-09-19 13:30:57', '2017-09-19 13:30:57'),
(74, 1, 4, 'Photo', 'О компании', 'Ветлугин Александр', 'created', '2017-09-19 13:30:58', '2017-09-19 13:30:58'),
(75, 1, 5, 'Photo', 'О компании', 'Ветлугин Александр', 'created', '2017-09-19 13:30:58', '2017-09-19 13:30:58'),
(76, 1, 6, 'Photo', 'О компании', 'Ветлугин Александр', 'created', '2017-09-19 13:30:58', '2017-09-19 13:30:58'),
(77, 1, 7, 'Photo', 'О компании', 'Ветлугин Александр', 'created', '2017-09-19 13:30:59', '2017-09-19 13:30:59'),
(78, 1, 8, 'Photo', 'О компании', 'Ветлугин Александр', 'created', '2017-09-19 13:30:59', '2017-09-19 13:30:59'),
(79, 1, 1, 'Photo', 'О компании', 'Ветлугин Александр', 'created', '2017-09-20 06:27:33', '2017-09-20 06:27:33'),
(80, 1, 2, 'Photo', 'О компании', 'Ветлугин Александр', 'created', '2017-09-20 06:27:33', '2017-09-20 06:27:33'),
(81, 1, 3, 'Photo', 'О компании', 'Ветлугин Александр', 'created', '2017-09-20 06:30:02', '2017-09-20 06:30:02'),
(82, 1, 4, 'Photo', 'О компании', 'Ветлугин Александр', 'created', '2017-09-20 06:30:03', '2017-09-20 06:30:03'),
(83, 1, 1, 'Photo', 'О компании', 'Ветлугин Александр', 'created', '2017-09-20 06:34:24', '2017-09-20 06:34:24'),
(84, 1, 2, 'Photo', 'О компании', 'Ветлугин Александр', 'created', '2017-09-20 06:37:47', '2017-09-20 06:37:47'),
(85, 1, 3, 'Photo', 'О компании', 'Ветлугин Александр', 'created', '2017-09-20 06:40:18', '2017-09-20 06:40:18'),
(86, 1, 4, 'Photo', 'О компании', 'Ветлугин Александр', 'created', '2017-09-20 06:41:39', '2017-09-20 06:41:39'),
(87, 1, 5, 'Photo', 'О компании', 'Ветлугин Александр', 'created', '2017-09-20 06:47:32', '2017-09-20 06:47:32'),
(88, 1, 6, 'Photo', 'О компании', 'Ветлугин Александр', 'created', '2017-09-20 06:47:33', '2017-09-20 06:47:33'),
(89, 1, 7, 'Photo', 'О компании', 'Ветлугин Александр', 'created', '2017-09-20 07:00:21', '2017-09-20 07:00:21'),
(90, 1, 8, 'Photo', 'О компании', 'Ветлугин Александр', 'created', '2017-09-20 07:00:21', '2017-09-20 07:00:21'),
(91, 1, 9, 'Photo', 'О компании', 'Ветлугин Александр', 'created', '2017-09-20 07:00:44', '2017-09-20 07:00:44'),
(92, 1, 10, 'Photo', 'О компании', 'Ветлугин Александр', 'created', '2017-09-20 07:00:45', '2017-09-20 07:00:45'),
(93, 1, 11, 'Photo', 'О компании', 'Ветлугин Александр', 'created', '2017-09-20 07:01:09', '2017-09-20 07:01:09'),
(94, 1, 12, 'Photo', 'О компании', 'Ветлугин Александр', 'created', '2017-09-20 07:01:10', '2017-09-20 07:01:10'),
(95, 1, 7, 'Photo', 'О компании', 'Ветлугин Александр', 'deleted', '2017-09-20 07:12:03', '2017-09-20 07:12:03'),
(96, 1, 8, 'Photo', 'О компании', 'Ветлугин Александр', 'deleted', '2017-09-20 07:12:09', '2017-09-20 07:12:09'),
(97, 1, 12, 'Photo', 'О компании', 'Ветлугин Александр', 'deleted', '2017-09-20 07:12:15', '2017-09-20 07:12:15'),
(98, 1, 1, 'Page', 'Главная', 'Ветлугин Александр', 'updated', '2017-09-20 07:19:17', '2017-09-20 07:19:17'),
(99, 1, 1, 'Page', 'Главная', 'Ветлугин Александр', 'updated', '2017-09-20 07:19:24', '2017-09-20 07:19:24'),
(100, 1, 4, 'Page', 'Политика конфиденциальности', 'Ветлугин Александр', 'updated', '2017-09-20 07:38:54', '2017-09-20 07:38:54'),
(101, 1, 4, 'Page', 'Политика конфиденциальности', 'Ветлугин Александр', 'updated', '2017-09-20 07:38:56', '2017-09-20 07:38:56'),
(102, 1, 2, 'Page', 'О компании', 'Ветлугин Александр', 'updated', '2017-09-20 07:39:49', '2017-09-20 07:39:49'),
(103, 1, 2, 'Page', 'О компании', 'Ветлугин Александр', 'updated', '2017-09-20 07:39:50', '2017-09-20 07:39:50'),
(104, 1, 2, 'Page', 'О компании', 'Ветлугин Александр', 'updated', '2017-09-20 07:39:53', '2017-09-20 07:39:53'),
(105, 1, 2, 'Page', 'О компании', 'Ветлугин Александр', 'updated', '2017-09-20 07:40:03', '2017-09-20 07:40:03'),
(106, 1, 2, 'Page', 'О компании', 'Ветлугин Александр', 'updated', '2017-09-20 07:40:06', '2017-09-20 07:40:06'),
(107, 1, 2, 'Page', 'О компании', 'Ветлугин Александр', 'updated', '2017-09-20 07:40:07', '2017-09-20 07:40:07'),
(108, 1, 4, 'Page', 'Политика конфиденциальности', 'Ветлугин Александр', 'updated', '2017-09-20 07:40:08', '2017-09-20 07:40:08'),
(109, 1, 4, 'Page', 'Политика конфиденциальности', 'Ветлугин Александр', 'updated', '2017-09-20 07:40:09', '2017-09-20 07:40:09'),
(110, 1, 3, 'Page', 'Пользовательское соглашение', 'Ветлугин Александр', 'updated', '2017-09-20 07:40:10', '2017-09-20 07:40:10'),
(111, 1, 3, 'Page', 'Пользовательское соглашение', 'Ветлугин Александр', 'updated', '2017-09-20 07:40:10', '2017-09-20 07:40:10'),
(112, 1, 6, 'Photo', 'О компании', 'Ветлугин Александр', 'updated', '2017-09-20 07:41:13', '2017-09-20 07:41:13'),
(113, 1, 6, 'Photo', 'О компании', 'Ветлугин Александр', 'updated', '2017-09-20 07:41:15', '2017-09-20 07:41:15'),
(114, 1, 6, 'Photo', 'О компании', 'Ветлугин Александр', 'updated', '2017-09-20 07:41:17', '2017-09-20 07:41:17'),
(115, 1, 6, 'Photo', 'О компании', 'Ветлугин Александр', 'updated', '2017-09-20 07:41:21', '2017-09-20 07:41:21'),
(116, 1, 9, 'Photo', 'О компании', 'Ветлугин Александр', 'updated', '2017-09-20 07:41:21', '2017-09-20 07:41:21'),
(117, 1, 9, 'Photo', 'О компании', 'Ветлугин Александр', 'updated', '2017-09-20 07:41:25', '2017-09-20 07:41:25'),
(118, 1, 10, 'Photo', 'О компании', 'Ветлугин Александр', 'updated', '2017-09-20 07:41:27', '2017-09-20 07:41:27'),
(119, 1, 10, 'Photo', 'О компании', 'Ветлугин Александр', 'updated', '2017-09-20 07:41:38', '2017-09-20 07:41:38'),
(120, 1, 5, 'Photo', '', 'Ветлугин Александр', 'updated', '2017-09-20 08:27:30', '2017-09-20 08:27:30'),
(121, 1, 5, 'Photo', 'дакара', 'Ветлугин Александр', 'updated', '2017-09-20 08:32:15', '2017-09-20 08:32:15'),
(122, 1, 6, 'Photo', 'дааакар', 'Ветлугин Александр', 'updated', '2017-09-20 08:40:33', '2017-09-20 08:40:33'),
(123, 1, 6, 'Photo', 'дааакарыы', 'Ветлугин Александр', 'updated', '2017-09-20 08:42:38', '2017-09-20 08:42:38'),
(124, 1, 6, 'Photo', 'дааакарыыы', 'Ветлугин Александр', 'updated', '2017-09-20 08:43:15', '2017-09-20 08:43:15'),
(125, 1, 6, 'Photo', 'ы', 'Ветлугин Александр', 'updated', '2017-09-20 08:43:33', '2017-09-20 08:43:33'),
(126, 1, 6, 'Photo', 'ыыы', 'Ветлугин Александр', 'updated', '2017-09-20 08:43:57', '2017-09-20 08:43:57'),
(127, 1, 9, 'Photo', 'сыр', 'Ветлугин Александр', 'updated', '2017-09-20 08:44:08', '2017-09-20 08:44:08'),
(128, 1, 5, 'Photo', 'дакара', 'Ветлугин Александр', 'deleted', '2017-09-20 08:44:17', '2017-09-20 08:44:17'),
(129, 1, 6, 'Photo', 'ыыы', 'Ветлугин Александр', 'deleted', '2017-09-20 08:44:20', '2017-09-20 08:44:20'),
(130, 1, 9, 'Photo', 'сыр', 'Ветлугин Александр', 'deleted', '2017-09-20 08:44:23', '2017-09-20 08:44:23'),
(131, 1, 10, 'Photo', 'О компании', 'Ветлугин Александр', 'deleted', '2017-09-20 08:44:25', '2017-09-20 08:44:25'),
(132, 1, 11, 'Photo', 'О компании', 'Ветлугин Александр', 'deleted', '2017-09-20 08:44:27', '2017-09-20 08:44:27'),
(133, 1, 13, 'Photo', 'О компании', 'Ветлугин Александр', 'created', '2017-09-20 08:50:00', '2017-09-20 08:50:00'),
(134, 1, 14, 'Photo', 'О компании', 'Ветлугин Александр', 'created', '2017-09-20 08:50:01', '2017-09-20 08:50:01'),
(135, 1, 13, 'Photo', 'О компании', 'Ветлугин Александр', 'updated', '2017-09-20 08:50:38', '2017-09-20 08:50:38'),
(136, 1, 13, 'Photo', 'О компании', 'Ветлугин Александр', 'updated', '2017-09-20 08:50:40', '2017-09-20 08:50:40'),
(137, 1, 13, 'Photo', 'О компании', 'Ветлугин Александр', 'deleted', '2017-09-20 08:50:42', '2017-09-20 08:50:42'),
(138, 1, 14, 'Photo', 'О компании', 'Ветлугин Александр', 'deleted', '2017-09-20 08:50:45', '2017-09-20 08:50:45'),
(139, 1, 15, 'Photo', 'О компании', 'Ветлугин Александр', 'created', '2017-09-20 08:51:09', '2017-09-20 08:51:09'),
(140, 1, 16, 'Photo', 'О компании', 'Ветлугин Александр', 'created', '2017-09-20 08:51:11', '2017-09-20 08:51:11'),
(141, 1, 17, 'Photo', 'О компании', 'Ветлугин Александр', 'created', '2017-09-20 08:51:12', '2017-09-20 08:51:12'),
(142, 1, 18, 'Photo', 'О компании', 'Ветлугин Александр', 'created', '2017-09-20 08:51:13', '2017-09-20 08:51:13'),
(143, 1, 19, 'Photo', 'О компании', 'Ветлугин Александр', 'created', '2017-09-20 08:51:14', '2017-09-20 08:51:14'),
(144, 1, 20, 'Photo', 'О компании', 'Ветлугин Александр', 'created', '2017-09-20 08:51:15', '2017-09-20 08:51:15'),
(145, 1, 21, 'Photo', 'О компании', 'Ветлугин Александр', 'created', '2017-09-20 08:51:16', '2017-09-20 08:51:16'),
(146, 1, 22, 'Photo', 'О компании', 'Ветлугин Александр', 'created', '2017-09-20 08:51:17', '2017-09-20 08:51:17'),
(147, 1, 15, 'Photo', 'О компании', 'Ветлугин Александр', 'deleted', '2017-09-20 10:02:23', '2017-09-20 10:02:23'),
(148, 1, 16, 'Photo', 'О компании', 'Ветлугин Александр', 'deleted', '2017-09-20 10:02:26', '2017-09-20 10:02:26'),
(149, 1, 17, 'Photo', 'О компании', 'Ветлугин Александр', 'deleted', '2017-09-20 10:02:30', '2017-09-20 10:02:30'),
(150, 1, 18, 'Photo', 'О компании', 'Ветлугин Александр', 'deleted', '2017-09-20 10:02:32', '2017-09-20 10:02:32'),
(151, 1, 19, 'Photo', 'О компании', 'Ветлугин Александр', 'deleted', '2017-09-20 10:02:35', '2017-09-20 10:02:35'),
(152, 1, 20, 'Photo', 'О компании', 'Ветлугин Александр', 'deleted', '2017-09-20 10:02:37', '2017-09-20 10:02:37'),
(153, 1, 21, 'Photo', 'О компании', 'Ветлугин Александр', 'deleted', '2017-09-20 10:02:39', '2017-09-20 10:02:39'),
(154, 1, 22, 'Photo', 'О компании', 'Ветлугин Александр', 'deleted', '2017-09-20 10:02:41', '2017-09-20 10:02:41'),
(155, 1, 2, 'Page', 'О компании', 'Ветлугин Александр', 'updated', '2017-09-20 10:02:49', '2017-09-20 10:02:49'),
(156, 1, 2, 'Page', 'О компании', 'Ветлугин Александр', 'updated', '2017-09-20 10:02:50', '2017-09-20 10:02:50'),
(157, 1, 1, 'News', 'На Дакар, вероятно, капотник не поедет. ', 'Ветлугин Александр', 'created', '2017-09-22 07:01:28', '2017-09-22 07:01:28'),
(158, 1, 1, 'Photo', 'На Дакар, вероятно, капотник не поедет. ', 'Ветлугин Александр', 'created', '2017-09-22 07:01:46', '2017-09-22 07:01:46'),
(159, 1, 2, 'Photo', 'На Дакар, вероятно, капотник не поедет. ', 'Ветлугин Александр', 'created', '2017-09-22 07:01:47', '2017-09-22 07:01:47'),
(160, 1, 1, 'Photo', 'На Дакар', 'Ветлугин Александр', 'updated', '2017-09-22 07:02:05', '2017-09-22 07:02:05'),
(161, 1, 2, 'Photo', 'На Дакар,', 'Ветлугин Александр', 'updated', '2017-09-22 07:02:10', '2017-09-22 07:02:10'),
(162, 1, 1, 'News', 'На Дакар, вероятно, капотник не поедет. ', 'Ветлугин Александр', 'updated', '2017-09-22 07:03:26', '2017-09-22 07:03:26'),
(163, 1, 1, 'News', 'На Дакар, вероятно, капотник не поедет. ', 'Ветлугин Александр', 'updated', '2017-09-22 07:03:32', '2017-09-22 07:03:32'),
(164, 1, 5, 'Page', 'История компании', 'Ветлугин Александр', 'updated', '2017-09-22 09:13:59', '2017-09-22 09:13:59'),
(165, 1, 5, 'Page', 'История компании', 'Ветлугин Александр', 'updated', '2017-09-22 09:14:04', '2017-09-22 09:14:04'),
(166, 1, 4, 'Page', 'Политика конфиденциальности', 'Ветлугин Александр', 'updated', '2017-09-22 12:47:57', '2017-09-22 12:47:57'),
(167, 1, 4, 'Page', 'Политика конфиденциальности', 'Ветлугин Александр', 'updated', '2017-09-22 12:48:02', '2017-09-22 12:48:02'),
(168, 1, 5, 'Page', 'История компании', 'Ветлугин Александр', 'updated', '2017-09-25 11:53:21', '2017-09-25 11:53:21'),
(169, 1, 5, 'Page', 'История компании', 'Ветлугин Александр', 'updated', '2017-09-25 12:01:46', '2017-09-25 12:01:46'),
(170, 1, 5, 'Page', 'История компании', 'Ветлугин Александр', 'updated', '2017-09-25 13:52:06', '2017-09-25 13:52:06'),
(171, 1, 5, 'Page', 'История компании', 'Ветлугин Александр', 'updated', '2017-09-25 13:52:27', '2017-09-25 13:52:27'),
(172, 1, 5, 'Page', 'История компании', 'Ветлугин Александр', 'updated', '2017-09-25 13:52:34', '2017-09-25 13:52:34'),
(173, 1, 5, 'Page', 'История компании', 'Ветлугин Александр', 'updated', '2017-09-25 13:54:01', '2017-09-25 13:54:01'),
(174, 1, 5, 'Page', 'История компании', 'Ветлугин Александр', 'updated', '2017-09-25 13:56:44', '2017-09-25 13:56:44'),
(175, 1, 5, 'Page', 'История компании', 'Ветлугин Александр', 'updated', '2017-09-25 13:58:21', '2017-09-25 13:58:21'),
(176, 1, 5, 'Page', 'История компании', 'Ветлугин Александр', 'updated', '2017-09-26 08:29:44', '2017-09-26 08:29:44'),
(177, 1, 5, 'Page', 'История компании', 'Ветлугин Александр', 'updated', '2017-09-26 08:29:46', '2017-09-26 08:29:46'),
(178, 1, 2, 'Page', 'О компании', 'Ветлугин Александр', 'updated', '2017-09-26 08:29:47', '2017-09-26 08:29:47'),
(179, 1, 1, 'Page', 'Главная', 'Ветлугин Александр', 'updated', '2017-09-26 08:29:48', '2017-09-26 08:29:48'),
(180, 1, 4, 'Page', 'Политика конфиденциальности', 'Ветлугин Александр', 'updated', '2017-09-26 08:29:50', '2017-09-26 08:29:50'),
(181, 1, 3, 'Page', 'Пользовательское соглашение', 'Ветлугин Александр', 'updated', '2017-09-26 08:29:51', '2017-09-26 08:29:51'),
(182, 1, 2, 'Page', 'О компании', 'Ветлугин Александр', 'updated', '2017-09-27 07:09:20', '2017-09-27 07:09:20'),
(183, 1, 2, 'Page', 'О компании', 'Ветлугин Александр', 'updated', '2017-09-27 07:09:27', '2017-09-27 07:09:27'),
(184, 1, 2, 'Page', 'О компании', 'Ветлугин Александр', 'updated', '2017-09-27 07:09:32', '2017-09-27 07:09:32'),
(185, 1, 1, 'Page', 'Главная', 'Ветлугин Александр', 'updated', '2017-09-27 07:14:12', '2017-09-27 07:14:12'),
(186, 1, 3, 'Page', 'Пользовательское соглашение', 'Ветлугин Александр', 'updated', '2017-09-27 07:19:52', '2017-09-27 07:19:52'),
(187, 1, 2, 'Page', 'О компании', 'Ветлугин Александр', 'updated', '2017-09-27 07:20:49', '2017-09-27 07:20:49'),
(188, 1, 3, 'Page', 'Пользовательское соглашение', 'Ветлугин Александр', 'updated', '2017-09-27 07:20:51', '2017-09-27 07:20:51'),
(189, 1, 3, 'Page', 'Пользовательское соглашение', 'Ветлугин Александр', 'updated', '2017-09-27 07:20:54', '2017-09-27 07:20:54'),
(190, 1, 3, 'Page', 'Пользовательское соглашение', 'Ветлугин Александр', 'updated', '2017-09-27 07:20:55', '2017-09-27 07:20:55'),
(191, 1, 3, 'Page', 'Пользовательское соглашение', 'Ветлугин Александр', 'updated', '2017-09-27 07:20:55', '2017-09-27 07:20:55'),
(192, 1, 3, 'Page', 'Пользовательское соглашение', 'Ветлугин Александр', 'updated', '2017-09-27 07:20:55', '2017-09-27 07:20:55'),
(193, 1, 3, 'Page', 'Пользовательское соглашение', 'Ветлугин Александр', 'updated', '2017-09-27 07:20:55', '2017-09-27 07:20:55'),
(194, 1, 2, 'Page', 'О компании', 'Ветлугин Александр', 'updated', '2017-09-27 07:26:06', '2017-09-27 07:26:06'),
(195, 1, 4, 'Page', 'Политика конфиденциальности', 'Ветлугин Александр', 'updated', '2017-09-27 07:26:07', '2017-09-27 07:26:07'),
(196, 1, 3, 'Page', 'Пользовательское соглашение', 'Ветлугин Александр', 'updated', '2017-09-27 07:26:14', '2017-09-27 07:26:14'),
(197, 1, 3, 'Page', 'Пользовательское соглашение', 'Ветлугин Александр', 'updated', '2017-09-27 07:28:04', '2017-09-27 07:28:04'),
(198, 1, 4, 'Page', 'Политика конфиденциальности', 'Ветлугин Александр', 'updated', '2017-09-27 07:28:58', '2017-09-27 07:28:58'),
(199, 1, 3, 'Page', 'Пользовательское соглашение', 'Ветлугин Александр', 'updated', '2017-09-27 07:30:30', '2017-09-27 07:30:30'),
(200, 1, 4, 'Page', 'Политика конфиденциальности', 'Ветлугин Александр', 'updated', '2017-09-27 07:30:32', '2017-09-27 07:30:32'),
(201, 1, 2, 'Page', 'О компании', 'Ветлугин Александр', 'updated', '2017-09-27 07:30:33', '2017-09-27 07:30:33'),
(202, 1, 1, 'Page', 'Главная', 'Ветлугин Александр', 'updated', '2017-09-27 07:30:34', '2017-09-27 07:30:34'),
(203, 1, 1, 'Page', 'Главная', 'Ветлугин Александр', 'updated', '2017-09-27 07:30:40', '2017-09-27 07:30:40'),
(204, 1, 2, 'Page', 'О компании', 'Ветлугин Александр', 'updated', '2017-09-27 07:30:41', '2017-09-27 07:30:41'),
(205, 1, 4, 'Page', 'Политика конфиденциальности', 'Ветлугин Александр', 'updated', '2017-09-27 07:30:41', '2017-09-27 07:30:41'),
(206, 1, 3, 'Page', 'Пользовательское соглашение', 'Ветлугин Александр', 'updated', '2017-09-27 07:30:42', '2017-09-27 07:30:42'),
(207, 1, 8, 'Page', 'Новости', 'Ветлугин Александр', 'created', '2017-09-27 08:46:39', '2017-09-27 08:46:39'),
(208, 1, 9, 'Page', 'Новости', 'Ветлугин Александр', 'created', '2017-09-27 08:49:22', '2017-09-27 08:49:22'),
(209, 1, 9, 'Page', 'Новости', 'Ветлугин Александр', 'updated', '2017-09-27 08:56:03', '2017-09-27 08:56:03'),
(210, 1, 9, 'Page', 'Новости', 'Ветлугин Александр', 'updated', '2017-09-27 09:00:41', '2017-09-27 09:00:41'),
(211, 1, 9, 'Page', 'Новости', 'Ветлугин Александр', 'updated', '2017-09-27 09:00:47', '2017-09-27 09:00:47'),
(212, 1, 8, 'Page', 'Новости', 'Ветлугин Александр', 'updated', '2017-09-27 09:05:03', '2017-09-27 09:05:03'),
(213, 1, 9, 'Page', 'Новости', 'Ветлугин Александр', 'updated', '2017-09-27 09:06:09', '2017-09-27 09:06:09'),
(214, 1, 9, 'Page', 'Новости', 'Ветлугин Александр', 'updated', '2017-09-27 09:06:18', '2017-09-27 09:06:18'),
(215, 1, 2, 'Page', 'О компании', 'Ветлугин Александр', 'updated', '2017-09-27 09:11:03', '2017-09-27 09:11:03'),
(216, 1, 9, 'Page', 'Новости', 'Ветлугин Александр', 'updated', '2017-09-27 09:15:20', '2017-09-27 09:15:20'),
(217, 1, 3, 'Photo', 'Новости', 'Ветлугин Александр', 'created', '2017-09-27 09:20:24', '2017-09-27 09:20:24'),
(218, 1, 4, 'Photo', 'Новости', 'Ветлугин Александр', 'created', '2017-09-27 09:20:26', '2017-09-27 09:20:26'),
(219, 1, 3, 'Photo', 'Новостиыыы', 'Ветлугин Александр', 'updated', '2017-09-27 09:20:41', '2017-09-27 09:20:41'),
(220, 1, 3, 'Photo', 'Новостиыыы', 'Ветлугин Александр', 'deleted', '2017-09-27 09:20:46', '2017-09-27 09:20:46'),
(221, 1, 4, 'Photo', 'Новости', 'Ветлугин Александр', 'deleted', '2017-09-27 09:20:49', '2017-09-27 09:20:49'),
(222, 1, 10, 'Page', 'Ветлугин Александр', 'Ветлугин Александр', 'created', '2017-09-27 12:30:14', '2017-09-27 12:30:14'),
(223, 1, 10, 'Page', 'Ветлугин Александр', 'Ветлугин Александр', 'updated', '2017-09-27 12:32:36', '2017-09-27 12:32:36'),
(224, 1, 10, 'Page', 'Ветлугин Александр', 'Ветлугин Александр', 'deleted', '2017-09-27 12:34:36', '2017-09-27 12:34:36');

-- --------------------------------------------------------

--
-- Структура таблицы `categories`
--

CREATE TABLE `categories` (
  `id` int(10) UNSIGNED NOT NULL,
  `title` varchar(255) COLLATE utf8_unicode_ci NOT NULL,
  `text` text COLLATE utf8_unicode_ci,
  `url` varchar(255) COLLATE utf8_unicode_ci NOT NULL,
  `self_url` varchar(255) COLLATE utf8_unicode_ci NOT NULL,
  `h1` varchar(255) COLLATE utf8_unicode_ci DEFAULT NULL,
  `page_title` varchar(255) COLLATE utf8_unicode_ci DEFAULT NULL,
  `page_description` varchar(255) COLLATE utf8_unicode_ci DEFAULT NULL,
  `keywords` varchar(255) COLLATE utf8_unicode_ci DEFAULT NULL,
  `visible` tinyint(1) NOT NULL DEFAULT '1',
  `parent_id` int(10) UNSIGNED NOT NULL DEFAULT '0',
  `position` int(11) NOT NULL DEFAULT '0',
  `children` tinyint(1) NOT NULL DEFAULT '0',
  `created_at` timestamp NOT NULL DEFAULT '0000-00-00 00:00:00',
  `updated_at` timestamp NOT NULL DEFAULT '0000-00-00 00:00:00',
  `deleted_at` timestamp NULL DEFAULT NULL
) ENGINE=InnoDB DEFAULT CHARSET=utf8 COLLATE=utf8_unicode_ci;

--
-- Дамп данных таблицы `categories`
--

INSERT INTO `categories` (`id`, `title`, `text`, `url`, `self_url`, `h1`, `page_title`, `page_description`, `keywords`, `visible`, `parent_id`, `position`, `children`, `created_at`, `updated_at`, `deleted_at`) VALUES
(2, 'Смартфоны', '', 'smartfony', 'smartfony', NULL, '', '', '', 1, 0, 1, 0, '2017-09-22 12:33:02', '2017-09-22 13:06:29', NULL),
(3, 'Компьютеры', '', 'kompyutery', 'kompyutery', NULL, '', '', '', 1, 0, 2, 0, '2017-09-22 12:36:43', '2017-09-22 13:06:29', NULL),
(4, 'Моноблоки', '', 'kompyutery/monobloki', 'monobloki', NULL, '', '', '', 1, 3, 2, 0, '2017-09-22 12:38:26', '2017-09-22 13:06:20', NULL),
(5, 'Ноутбуки', '', 'kompyutery/noutbuki', 'noutbuki', NULL, '', '', '', 1, 3, 1, 0, '2017-09-22 12:40:34', '2017-09-22 13:06:22', NULL);

-- --------------------------------------------------------

--
-- Структура таблицы `covers`
--

CREATE TABLE `covers` (
  `id` int(10) UNSIGNED NOT NULL,
  `image_file_name` varchar(255) COLLATE utf8_unicode_ci DEFAULT NULL,
  `image_file_size` int(11) DEFAULT NULL,
  `image_content_type` varchar(255) COLLATE utf8_unicode_ci DEFAULT NULL,
  `image_updated_at` timestamp NULL DEFAULT NULL,
  `coverable_id` int(10) UNSIGNED DEFAULT NULL,
  `coverable_type` varchar(255) COLLATE utf8_unicode_ci DEFAULT NULL,
  `created_at` timestamp NOT NULL DEFAULT '0000-00-00 00:00:00',
  `updated_at` timestamp NOT NULL DEFAULT '0000-00-00 00:00:00'
) ENGINE=InnoDB DEFAULT CHARSET=utf8 COLLATE=utf8_unicode_ci;

--
-- Дамп данных таблицы `covers`
--

INSERT INTO `covers` (`id`, `image_file_name`, `image_file_size`, `image_content_type`, `image_updated_at`, `coverable_id`, `coverable_type`, `created_at`, `updated_at`) VALUES
(1, '02.jpg', 262144, 'image/jpeg', '2017-09-22 06:23:23', 1, 'Services', '2017-09-22 06:08:04', '2017-09-22 06:23:23'),
(2, '39235_5.jpg', 117132, 'image/jpeg', '2017-09-22 07:06:16', 1, 'News', '2017-09-22 07:01:28', '2017-09-22 07:06:16'),
(3, '1-jpg', 209061, 'image/jpeg', '2017-09-27 08:49:22', 9, 'Page', '2017-09-27 08:49:22', '2017-09-27 08:49:22'),
(4, NULL, NULL, NULL, NULL, 8, 'Page', '2017-09-27 09:04:02', '2017-09-27 09:04:02'),
(5, NULL, NULL, NULL, NULL, 2, 'Page', '2017-09-27 09:11:03', '2017-09-27 09:11:03');

-- --------------------------------------------------------

--
-- Структура таблицы `filters`
--

CREATE TABLE `filters` (
  `id` int(11) NOT NULL,
  `title` varchar(255) NOT NULL,
  `type` varchar(255) NOT NULL,
  `jdata` text NOT NULL
) ENGINE=InnoDB DEFAULT CHARSET=utf8;

--
-- Дамп данных таблицы `filters`
--

INSERT INTO `filters` (`id`, `title`, `type`, `jdata`) VALUES
(1, 'Размеры', 'sizes', ''),
(2, 'Цвета', 'colors', ''),
(3, 'Материалы', 'materials', ''),
(4, 'Производители', 'vendors', '');

-- --------------------------------------------------------

--
-- Структура таблицы `link_files`
--

CREATE TABLE `link_files` (
  `id` int(10) NOT NULL,
  `title` varchar(255) COLLATE utf8_unicode_ci NOT NULL,
  `visible` tinyint(1) NOT NULL DEFAULT '0',
  `filename` varchar(255) COLLATE utf8_unicode_ci DEFAULT NULL,
  `ext` varchar(6) COLLATE utf8_unicode_ci DEFAULT NULL,
  `objectable_id` int(10) UNSIGNED DEFAULT NULL,
  `objectable_type` varchar(255) COLLATE utf8_unicode_ci DEFAULT NULL,
  `created_at` timestamp NOT NULL DEFAULT '0000-00-00 00:00:00',
  `updated_at` timestamp NOT NULL DEFAULT '0000-00-00 00:00:00'
) ENGINE=InnoDB DEFAULT CHARSET=utf8 COLLATE=utf8_unicode_ci;

-- --------------------------------------------------------

--
-- Структура таблицы `menus`
--

CREATE TABLE `menus` (
  `id` int(10) UNSIGNED NOT NULL,
  `name` varchar(255) COLLATE utf8_unicode_ci NOT NULL,
  `type` varchar(6) COLLATE utf8_unicode_ci NOT NULL,
  `max_items` smallint(5) UNSIGNED NOT NULL DEFAULT '0'
) ENGINE=InnoDB DEFAULT CHARSET=utf8 COLLATE=utf8_unicode_ci;

--
-- Дамп данных таблицы `menus`
--

INSERT INTO `menus` (`id`, `name`, `type`, `max_items`) VALUES
(1, 'Главное', 'top', 0),
(2, 'Нижнее меню', 'bottom', 0);

-- --------------------------------------------------------

--
-- Структура таблицы `menu_page`
--

CREATE TABLE `menu_page` (
  `menu_id` int(11) NOT NULL,
  `page_id` int(11) NOT NULL
) ENGINE=InnoDB DEFAULT CHARSET=utf8 COLLATE=utf8_unicode_ci;

--
-- Дамп данных таблицы `menu_page`
--

INSERT INTO `menu_page` (`menu_id`, `page_id`) VALUES
(1, 1),
(2, 4),
(2, 3),
(1, 6),
(2, 6),
(1, 7),
(2, 7),
(1, 5),
(1, 8),
(1, 8),
(1, 2),
(1, 9),
(1, 10),
(2, 10);

-- --------------------------------------------------------

--
-- Структура таблицы `migrations`
--

CREATE TABLE `migrations` (
  `migration` varchar(255) COLLATE utf8_unicode_ci NOT NULL,
  `batch` int(11) NOT NULL
) ENGINE=InnoDB DEFAULT CHARSET=utf8 COLLATE=utf8_unicode_ci;

-- --------------------------------------------------------

--
-- Структура таблицы `news`
--

CREATE TABLE `news` (
  `id` int(10) NOT NULL,
  `rubric_id` int(10) NOT NULL,
  `title` varchar(255) NOT NULL,
  `preview` text,
  `text` longtext,
  `date` timestamp NULL DEFAULT NULL,
  `url` varchar(255) NOT NULL,
  `page_title` varchar(255) DEFAULT NULL,
  `page_description` varchar(255) DEFAULT NULL,
  `keywords` varchar(255) DEFAULT NULL,
  `visible` tinyint(1) NOT NULL,
  `deleted_at` timestamp NULL DEFAULT NULL,
  `lang` varchar(2) NOT NULL,
  `created_at` timestamp NOT NULL DEFAULT '0000-00-00 00:00:00',
  `updated_at` timestamp NOT NULL DEFAULT '0000-00-00 00:00:00'
) ENGINE=InnoDB DEFAULT CHARSET=utf8;

--
-- Дамп данных таблицы `news`
--

INSERT INTO `news` (`id`, `rubric_id`, `title`, `preview`, `text`, `date`, `url`, `page_title`, `page_description`, `keywords`, `visible`, `deleted_at`, `lang`, `created_at`, `updated_at`) VALUES
(1, 0, 'На Дакар, вероятно, капотник не поедет. ', '<p>Айрат Мардеев рассказал о подготовке к &laquo;Дакару&raquo;, технических новшествах в &laquo;КАМАЗе&raquo;, &laquo;капотнике&raquo; и новостях о конкурентах.</p>\r\n', '<p>С пилотом команды &laquo;КАМАЗ-мастер&raquo;, чемпионом &laquo;Дакара-2015&raquo;&nbsp;<strong>Айратом Мардеевым,</strong>&laquo;Чемпионат&raquo; поговорил на первом в истории автоспортивном фестивале &laquo;Зажигание&raquo;, прошедшем в минувшую субботу на &laquo;Сочи Автодроме&raquo;. Камазовцы приехали на фестиваль не только как приглашённые знаменитости &mdash; гонщики участвовали в показательных выступлениях в рамках шоу-программы, поэтому первым делом логичнее всего было поинтересоваться впечатлениями Мардеева от увиденного на автодроме.</p>\r\n\r\n<p>&mdash; Организаторы поработали хорошо, учитывая масштаб мероприятия, &mdash; начал гонщик. &mdash; Сама локация весьма значима: это наш первый автодром, отвечающий всем требованиям Формулы-1. Вчера удалось прокатиться по трассе, увидел знакомые по телекартинке места.&nbsp;<br />\r\n<br />\r\n<strong>&mdash; Как относитесь к этой части работы?</strong>&nbsp;<br />\r\n&mdash; Нормально. Фестивали ведь не только в России. В Англию вот два года подряд приглашают и ещё много куда. Видим живой интерес к команде. Сейчас дома особенно приятно, ощущаем себя чуть ли не главным экспонатом фестиваля.</p>\r\n\r\n<blockquote>Сороковой &laquo;Дакар&raquo; стопроцентно будет интересным, ведь теперь есть такой конкурент, как &laquo;Шёлковый путь&raquo;</blockquote>\r\n\r\n<p>&laquo;От &laquo;Дакара&raquo; мы не откажемся&raquo;</p>\r\n\r\n<p><strong>&mdash; Главные гонки сезона позади. Чем &laquo;КАМАЗ-мастер&raquo; занимается сейчас?</strong>&nbsp;<br />\r\n&mdash; Только что закончился период отпусков в команде, все ребята вернулись и теперь плотно готовятся к &laquo;Дакару&raquo;. Машины приехали с &laquo;Шёлкового пути&raquo;, в ближайшее время нас всех ждёт период медиаактивности &mdash; много выставок, выступлений и фестивалей. Параллельно будем решать, в каких гонках участвовать. Либо это будут &laquo;Дакар&raquo; и &laquo;Африка Рейс&raquo;, либо только первая. От &laquo;Дакара&raquo; мы, конечно же, не откажемся.&nbsp;<br />\r\n<br />\r\n<strong>&mdash; Уже знаете, кто куда поедет?</strong>&nbsp;<br />\r\n&mdash; Пока нет, но в сентябре планируем объявить, какой пилот на какую гонку поедет. Многое зависит от решения по ралли в Африке.&nbsp;<br />\r\n<br />\r\n<strong>&mdash; Есть какие-то предпочтения по местам для тренировок перед &laquo;Дакаром&raquo;?</strong>&nbsp;<br />\r\n&mdash; Очень нравится Марокко. Место очень разнообразное: и песок, и камни &mdash; всё есть. Но есть и сложности в логистике. Десять дней в дороге туда, десять &mdash; обратно. То есть, по сути, месяц выпадает. Поэтому Марокко мы планируем только в ноябре. Отправим машины уже на &laquo;Дакар&raquo;, а две машины, которые не поедут, будут задействованы на тренировках.&nbsp;<br />\r\n<br />\r\n<strong>&mdash; Когда станут известны подробности новой трассы &laquo;Дакара&raquo;?</strong>&nbsp;<br />\r\n&mdash; В ноябре. Хотя мы и сейчас примерно знаем, через какие города пойдёт трасса. Места знакомые, по ним уже пускали трассу в разные годы. Так что собираемся сесть с командой и вместе вспомнить все подробности тех мест, проанализировать и спланировать, как ехать. Известно, что к маршруту прибавится Перу, а это значит, что будет больше песков.<br />\r\n<br />\r\n<strong>&mdash; Ждёте интересную трассу?</strong>&nbsp;<br />\r\n&mdash; Конечно. Это будет юбилейный, сороковой &laquo;Дакар&raquo;, поэтому у организаторов нет другого выхода. Последнее время к &laquo;Дакару&raquo; предъявляется много претензий: мол, ралли стало не таким интересным. С этого года спортивными вопросами стал заниматься Марк Кома, и мы увидели, насколько изменилась гонка. Стало больше бездорожья и интересных участков, добавивших сложности штурманам. Сороковое издание стопроцентно будет интересным, особенно учитывая появление &laquo;Шёлкового пути&raquo;. Такой конкурент подстёгивает организаторов &laquo;Дакара&raquo;.</p>\r\n\r\n<blockquote>Де Рой уже несколько месяцев говорит, что не поедет на &laquo;Дакар&raquo;. Мы считаем, что это маркетинговый ход, чтобы привлечь к себе внимание публики и организаторов</blockquote>\r\n\r\n<p>&laquo;Ситуация с бюджетом стабилизировалась&raquo;</p>\r\n\r\n<p><strong>&mdash; Год назад камазовцы говорили о финансовых проблемах, было трудно собрать бюджет для работы над новым мотором. Как дела обстоят сейчас?</strong>&nbsp;<br />\r\n&mdash; Ситуация стабилизировалась, хотя сказать, что всё на сто процентов хорошо, пока нельзя. К слову, об отношении к медиаактивности: благодаря ей мы можем искать новых партнёров, мелькать в СМИ и соцсетях.&nbsp;<br />\r\n<br />\r\n<strong>&mdash; Хватает ли средств на испытание новых разработок?</strong>&nbsp;<br />\r\n&mdash; Хватило, чтобы провести все нужные испытания на &laquo;Шёлковом пути&raquo;. Проверили пружинную подвеску, к которой было много вопросов, несмотря на три года испытаний. Незначительные поломки, конечно, были, но до финиша это доехать не помешало. Теперь полностью переходим на этот вид подвески. По сути, гонку выиграл абсолютно новый автомобиль. Для нас это было очень важно, ведь через год нам предстоит ехать на таких машинах на все основные старты.</p>\r\n\r\n<p><a href="https://www.championat.com/auto/news-2878590-nifontova-ne-vystupit-na-dakare-2018-iz-za-otsutstvija-finansirovanija.html" target="_blank">Нифонтова не выступит на &laquo;Дакаре-2018&raquo; из-за отсутствия финансирования</a></p>\r\n\r\n<p><strong>&mdash; Как вам новый двигатель?</strong>&nbsp;<br />\r\n&mdash; Удалось показать хороший результат, это тоже добавляет оптимизма. По регламенту мы обязаны перейти на 13-литровый мотор, старый уже вне закона. Автомобиль проехал почти без остановок, ни разу ничего не сломалось. Это приятный задел на будущее.&nbsp;<br />\r\n<br />\r\n<strong>&mdash; Коробка-автомат какое впечатление оставила?</strong>&nbsp;<br />\r\n&mdash; Пока оставим эту идею на будущее. Есть вопросы к тормозам, автомат не позволяет тормозить, нет трансмиссионного тормоза. А для &laquo;Дакара&raquo; это очень важно, учитывая горные спецучастки, где от тормозов зависит 80% успеха. Потому на ближайший &laquo;Дакар&raquo; автомат не поедет.&nbsp;<br />\r\n<br />\r\n<strong>&mdash; Но в затею верите?</strong>&nbsp;<br />\r\n&mdash; Конечно. В динамике автомат выигрывает явно, но сильно проигрывает в торможении. Надо минус убрать &mdash; и коробка будет идеальная. На &laquo;Шёлковом пути&raquo; она себя хорошо показала, в песках себя хорошо ведёт. На подъёмах сразу переключается вверх-вниз. Плюсы есть, это интересное направление. Не зря наши конкуренты переходят на эту коробку, но ставить её сразу на &laquo;Дакар&raquo; рискованно.</p>\r\n\r\n<blockquote>Не занимались бы &laquo;капотником&raquo;, если бы не верили в него</blockquote>\r\n\r\n<p><strong>&mdash; Как обстоят дела с &laquo;капотником&raquo;?</strong>&nbsp;<br />\r\n&mdash; &laquo;Капотник&raquo; сейчас готовится, в него устанавливается всё тот же 13-литровый двигатель. Где-то через неделю он должен выехать на первые тесты. Работа над ним ведётся. Когда мы были на &laquo;Шёлковом пути&raquo;, ребята, оставшиеся дома, только и занимались &laquo;капотником&raquo;.&nbsp;<br />\r\n<br />\r\n<strong>&mdash; Почему не повезли его на &laquo;Шёлковый путь&raquo;?</strong>&nbsp;<br />\r\n&mdash; Не успели подготовить. Понимали, что везти две &laquo;сырые&raquo; машины мы не могли себе позволить. Но мы видим его преимущества: комфортнее ехать, этот автомобиль бережнее относится к экипажу. В управлении больше похож на легковую машину или внедорожник.&nbsp;<br />\r\n<br />\r\nАвтомобиль очень интересный, будем дальше работать. Но на &laquo;Дакар&raquo; он тоже, скорее всего, не поедет. Есть вопросы по оформлению документов, там не всё просто. Но мы не занимались бы &laquo;капотником&raquo;, если бы не верили в него. У этой машины, как и у любой новой разработки, есть как плюсы, так и минусы. Капот, конечно, мешает обзору, особенно в дюнах. Гораздо позже видишь, что там происходит за дюной, как и в слепых поворотах. Зато когда трасса открытая и извилистая, &laquo;капотник&raquo; позволяет ехать гораздо быстрее. Ты чувствуешь заднюю ось гораздо лучше, сидишь ближе к ней, на ранней стадии понимаешь, что машина пошла, и ловишь её.</p>\r\n\r\n<p><a href="https://www.championat.com/auto/article-278210-kamaz-master-vyigral-ralli-marafon-shjolkovyj-put--2017.html" target="_blank"><img src="https://palacesquare.rambler.ru/enclage/?babiph=MTVhazd4LnhtY3JpQHsiZGF0YSI6eyJBY3Rpb24iOiJQcm94eSIsIlJlZmZlcmVyIjoiaHR0cHM6Ly93d3cuY2hhbXBpb25hdC5jb20vYXV0by9hcnRpY2xlLTI3OTg2OC1pbnRlcnZqdS1nb25zY2hpa2Eta2FtYXotbWFzdGVyLWFqcmF0YS1tYXJkZWV2YS1wcm8tZ3J1em92aWstaS1kYWthci5odG1&amp;extpz=sIiwiUHJvdG9jb2wiOiJodHRwczoiLCJIb3N0Ijoid3d3LmNoYW1waW9uYXQuY29tIn0sImxpbmsiOiJodHRwczovL3QuY2hhbXBpb25hdC5jb20vcy8yMjV4MTUwL25ld3MvYmlnL3cvYi9zb3Blcm5pa2ktbmUtcHJpdW55bGktbm8ta2FrLWthbWF6LXZ5aWdyYWwtdm9wcmVraS1yZWdsYW1lbnR1Xz&amp;liduga=E1MDE3MDg5OTE3ODA5MjE1MTUuanBnIn0%3D" /></a></p>\r\n\r\n<p><a href="https://www.championat.com/auto/article-278210-kamaz-master-vyigral-ralli-marafon-shjolkovyj-put--2017.html" target="_blank">&laquo;Соперники не приуныли, но...&raquo; Как &laquo;КАМАЗ&raquo; выиграл вопреки регламенту</a></p>\r\n\r\n<p><a href="https://www.championat.com/auto/article-278210-kamaz-master-vyigral-ralli-marafon-shjolkovyj-put--2017.html" target="_blank">Доминаторы &laquo;Шёлкового пути&raquo; Дмитрий Сотников и Антон Шибалов, а также руководитель гонки Владимир Чагин &mdash; о победе, сложностях и будущем.</a></p>\r\n\r\n<p>&laquo;Ожидал от независимой подвески де Роя больше&raquo;</p>\r\n\r\n<p><strong>&mdash; Что интересного происходит у конкурентов?</strong>&nbsp;<br />\r\n&mdash; Они практически всё показали на &laquo;Шёлковом пути&raquo;. У де Роя абсолютно новая машина с независимой подвеской, с другой автоматической коробкой передач. Она ему, кстати, очень нравится. Мы долго общались на эту тему, выделили много интересных плюсов. Но я ожидал большего от независимой подвески. Думал, она даст ему больше преимущества на бездорожье, но в очной борьбе увидел, что на такой поверхности он просто &laquo;сливал&raquo;. Не мог ехать в том темпе, в котором ехали мы. Однако де Рой был быстрее на извилистых и ровных дорогах. Машина меньше кренится, поскольку гораздо ниже нашей. Де Рой модернизировал её под извилистые трассы, и это, конечно, интересное решение.</p>\r\n\r\n<p>Но де Рой уже несколько месяцев говорит, что не поедет на &laquo;Дакар&raquo;. Вместо него будут аргентинец Вильягра, бронзовый призёр &laquo;Дакара&raquo;, а также Артур Ардавичус, который поедет на машине де Роя, и их будет прикрывать Генугтен. Сам де Рой собирается ехать в Африку. Посмотрим, насколько это оправданно. Мы считаем, что это маркетинговый ход, чтобы привлечь к себе внимание публики и организаторов.</p>\r\n\r\n<p>&laquo;Перед &laquo;Дакаром&raquo; у нас &laquo;карантин&raquo;, никуда нельзя&raquo;</p>\r\n\r\n<p><strong>&mdash; Как человек вашей профессии готовится к управлению таким тяжёлым автомобилем физически?</strong>&nbsp;<br />\r\n&mdash; Грузовик очень нагружает позвоночник, поэтому, чтобы не нанести ему вред, дополнительно с &laquo;железом&raquo; и большими весами не работаем.&nbsp;<br />\r\n<br />\r\n<strong>&mdash; А с виду не скажешь.</strong>&nbsp;<br />\r\n&mdash; Кушаем хорошо (<em>смеётся</em>).</p>\r\n\r\n<p><strong>&mdash; Логично, что спину &laquo;прокачиваете&raquo; в первую очередь. Каким именно образом?</strong>&nbsp;<br />\r\n&mdash; Спину и шею. Это проблема всех грузовиков &mdash; у них высокий центр тяжести. В районе шлема перегрузка доходит до 9G. Многие ребята, которые садятся в машину первый раз, отмечают, что у них шея буквально отваливается потом. Упражнения делаем обычные: вешаем блин на голову, ложимся на бок. А также позаимствовали у картингистов одно упражнение &ndash; надеваем шлем, ложимся на плечо на скамейку и, не касаясь её, держим голову максимальное количество времени.&nbsp;<br />\r\n<br />\r\n<strong>&mdash; Как-то миксуете виды тренировок, чтобы не приедалась одна и та же нагрузка?</strong>&nbsp;<br />\r\n&mdash; Да. Понедельник у нас &mdash; день футбола. Собираемся с ребятами, арендуем стадион на два часа и играем. Занимаемся также картингом. В сентябре вот будет гонка, планирую там участвовать. Картинг &mdash; то место, где мы выросли и откуда пришли. Он навсегда остался у нас в крови, в душе. Не забываем про зимние виды спорта &mdash; горные лыжи, например. Но с этим надо быть предельно аккуратным. Перед &laquo;Дакаром&raquo; у нас вообще &laquo;карантин&raquo;, никуда нельзя. Буквально за месяц нас &laquo;запирают&raquo; от других видов спорта, чтобы травму не получили</p>\r\n', NULL, 'na-dakar-veroyatno-kapotnik-ne-poedet', '', '', '', 1, NULL, '', '2017-09-22 07:01:28', '2017-09-22 07:03:32');

-- --------------------------------------------------------

--
-- Структура таблицы `pages`
--

CREATE TABLE `pages` (
  `id` int(10) UNSIGNED NOT NULL,
  `title` varchar(255) COLLATE utf8_unicode_ci NOT NULL,
  `url` varchar(255) COLLATE utf8_unicode_ci NOT NULL,
  `short_text` text COLLATE utf8_unicode_ci,
  `full_text` text COLLATE utf8_unicode_ci,
  `h1` varchar(255) COLLATE utf8_unicode_ci DEFAULT NULL,
  `h1_color` varchar(255) COLLATE utf8_unicode_ci DEFAULT NULL,
  `h1_subtext` varchar(255) COLLATE utf8_unicode_ci NOT NULL,
  `h1_subtext_color` varchar(255) COLLATE utf8_unicode_ci NOT NULL,
  `page_title` varchar(255) COLLATE utf8_unicode_ci DEFAULT NULL,
  `page_description` varchar(255) COLLATE utf8_unicode_ci DEFAULT NULL,
  `keywords` varchar(255) COLLATE utf8_unicode_ci DEFAULT NULL,
  `self_url` varchar(255) COLLATE utf8_unicode_ci NOT NULL,
  `parent_id` int(11) NOT NULL DEFAULT '0',
  `children` int(11) NOT NULL DEFAULT '0',
  `position` int(11) NOT NULL DEFAULT '0',
  `redirect` tinyint(1) NOT NULL DEFAULT '0',
  `visible` tinyint(1) NOT NULL DEFAULT '1',
  `deleted_at` timestamp NULL DEFAULT NULL,
  `created_at` timestamp NOT NULL DEFAULT '0000-00-00 00:00:00',
  `updated_at` timestamp NOT NULL DEFAULT '0000-00-00 00:00:00',
  `seo` text COLLATE utf8_unicode_ci
) ENGINE=InnoDB DEFAULT CHARSET=utf8 COLLATE=utf8_unicode_ci;

--
-- Дамп данных таблицы `pages`
--

INSERT INTO `pages` (`id`, `title`, `url`, `short_text`, `full_text`, `h1`, `h1_color`, `h1_subtext`, `h1_subtext_color`, `page_title`, `page_description`, `keywords`, `self_url`, `parent_id`, `children`, `position`, `redirect`, `visible`, `deleted_at`, `created_at`, `updated_at`, `seo`) VALUES
(1, 'Главная', 'index', NULL, NULL, 'Экспресс сайт "Грамматика"', '', '', '', 'Экспресс сайт "Грамматика"', NULL, NULL, 'index', 0, 0, 1, 0, 1, NULL, '0000-00-00 00:00:00', '2017-09-27 09:15:26', NULL),
(2, 'О компании', 'o-kompanii', '', '', 'О компании', '#000000', '', '', 'О компании', '', NULL, 'o-kompanii', 0, 0, 2, 0, 1, NULL, '0000-00-00 00:00:00', '2017-09-27 09:15:26', NULL),
(3, 'Пользовательское соглашение', 'terms_of_use', '', '', '', '', '', '', '', '', '', 'terms_of_use', 0, 0, 5, 0, 1, NULL, '2017-09-12 14:53:05', '2017-09-27 09:15:26', NULL),
(4, 'Политика конфиденциальности', 'privacy_policy', '', '', '', '', '', '', '', '', '', 'privacy_policy', 0, 0, 4, 0, 1, NULL, '2017-09-13 05:46:56', '2017-09-27 09:15:26', NULL),
(5, 'История компании', 'istoriya-kompanii', '', '', 'История компании', '', '', '', '', '', '', 'istoriya-kompanii', 2, 0, 2, 0, 1, NULL, '2017-09-13 05:49:03', '2017-09-25 14:17:40', NULL),
(9, 'Новости', 'novosti-876', '', '', 'Новости компании', '#000000', 'Все самые последние события', '', '', '', NULL, '', 0, 0, 3, 0, 1, NULL, '2017-09-27 08:49:22', '2017-09-27 09:15:26', NULL),
(10, 'Ветлугин Александр', 'vetlugin-aleksandr', '<p>ывап ывапывапыав&nbsp;</p>\r\n', '<p>пывап ывапывап</p>\r\n', 'Политика конфиденциальности', '#0ac23e', 'Политика конфиденциальности', '#ffb800', '', '', NULL, '', 3, 0, 0, 0, 1, '2017-09-27 12:34:36', '2017-09-27 12:30:14', '2017-09-27 12:34:36', NULL);

-- --------------------------------------------------------

--
-- Структура таблицы `photos`
--

CREATE TABLE `photos` (
  `id` int(10) UNSIGNED NOT NULL,
  `title` varchar(255) COLLATE utf8_unicode_ci NOT NULL,
  `visible` tinyint(1) NOT NULL DEFAULT '0',
  `position` int(11) NOT NULL DEFAULT '0',
  `rotation` tinyint(1) NOT NULL DEFAULT '1',
  `object_id` int(11) NOT NULL DEFAULT '0',
  `object_type` varchar(60) COLLATE utf8_unicode_ci NOT NULL DEFAULT '',
  `image_file_name` varchar(255) COLLATE utf8_unicode_ci DEFAULT NULL,
  `image_file_size` int(11) DEFAULT NULL,
  `image_content_type` varchar(255) COLLATE utf8_unicode_ci DEFAULT NULL,
  `image_updated_at` timestamp NULL DEFAULT NULL
) ENGINE=InnoDB DEFAULT CHARSET=utf8 COLLATE=utf8_unicode_ci;

--
-- Дамп данных таблицы `photos`
--

INSERT INTO `photos` (`id`, `title`, `visible`, `position`, `rotation`, `object_id`, `object_type`, `image_file_name`, `image_file_size`, `image_content_type`, `image_updated_at`) VALUES
(1, 'На Дакар', 1, 0, 1, 1, 'News', '02.jpg', 262144, 'image/jpeg', '2017-09-22 07:01:46'),
(2, 'На Дакар,', 1, 0, 1, 1, 'News', '39235_5.jpg', 117132, 'image/jpeg', '2017-09-22 07:01:47');

-- --------------------------------------------------------

--
-- Структура таблицы `products`
--

CREATE TABLE `products` (
  `id` int(11) NOT NULL,
  `category_id` int(11) NOT NULL,
  `title` varchar(255) NOT NULL,
  `sub_title` varchar(255) NOT NULL,
  `description` text NOT NULL,
  `characteristics` text NOT NULL,
  `text` text NOT NULL,
  `price` decimal(8,0) NOT NULL,
  `price_old` decimal(8,0) NOT NULL,
  `sku` varchar(255) NOT NULL,
  `in_stock` int(11) NOT NULL,
  `hit` tinyint(4) NOT NULL,
  `new` tinyint(4) NOT NULL,
  `h1` varchar(255) NOT NULL,
  `page_title` varchar(255) NOT NULL,
  `page_description` varchar(255) NOT NULL,
  `keywords` varchar(255) NOT NULL,
  `url` varchar(255) NOT NULL,
  `visible` tinyint(4) NOT NULL DEFAULT '1',
  `deleted_at` timestamp NULL DEFAULT NULL,
  `created_at` timestamp NOT NULL DEFAULT CURRENT_TIMESTAMP,
  `updated_at` timestamp NOT NULL DEFAULT CURRENT_TIMESTAMP
) ENGINE=InnoDB DEFAULT CHARSET=utf8;

-- --------------------------------------------------------

--
-- Структура таблицы `services`
--

CREATE TABLE `services` (
  `id` int(10) NOT NULL,
  `rubric_id` int(10) NOT NULL,
  `title` varchar(255) NOT NULL,
  `preview` text,
  `text` longtext,
  `date` timestamp NULL DEFAULT NULL,
  `url` varchar(255) NOT NULL,
  `page_title` varchar(255) DEFAULT NULL,
  `page_description` varchar(255) DEFAULT NULL,
  `keywords` varchar(255) DEFAULT NULL,
  `visible` tinyint(1) NOT NULL,
  `deleted_at` timestamp NULL DEFAULT NULL,
  `lang` varchar(2) NOT NULL,
  `created_at` timestamp NOT NULL DEFAULT '0000-00-00 00:00:00',
  `updated_at` timestamp NOT NULL DEFAULT '0000-00-00 00:00:00'
) ENGINE=InnoDB DEFAULT CHARSET=utf8;

--
-- Дамп данных таблицы `services`
--

INSERT INTO `services` (`id`, `rubric_id`, `title`, `preview`, `text`, `date`, `url`, `page_title`, `page_description`, `keywords`, `visible`, `deleted_at`, `lang`, `created_at`, `updated_at`) VALUES
(1, 0, 'По умолчанию', '<p>safd asda sdas</p>\r\n', '', NULL, 'po-umolchaniyu', '', '', '', 1, NULL, '', '2017-09-22 06:08:03', '2017-09-22 06:44:18');

-- --------------------------------------------------------

--
-- Структура таблицы `site_params`
--

CREATE TABLE `site_params` (
  `id` varchar(30) COLLATE utf8_unicode_ci NOT NULL,
  `name` varchar(255) COLLATE utf8_unicode_ci NOT NULL,
  `value` varchar(255) COLLATE utf8_unicode_ci NOT NULL,
  `lang` varchar(2) COLLATE utf8_unicode_ci NOT NULL
) ENGINE=InnoDB DEFAULT CHARSET=utf8 COLLATE=utf8_unicode_ci;

-- --------------------------------------------------------

--
-- Структура таблицы `users`
--

CREATE TABLE `users` (
  `id` int(10) UNSIGNED NOT NULL,
  `email` varchar(255) COLLATE utf8_unicode_ci NOT NULL,
  `name` varchar(255) COLLATE utf8_unicode_ci DEFAULT NULL,
  `remember_token` varchar(100) COLLATE utf8_unicode_ci DEFAULT NULL,
  `password` varchar(255) COLLATE utf8_unicode_ci DEFAULT NULL,
  `created_at` timestamp NOT NULL DEFAULT '0000-00-00 00:00:00',
  `updated_at` timestamp NOT NULL DEFAULT '0000-00-00 00:00:00'
) ENGINE=InnoDB DEFAULT CHARSET=utf8 COLLATE=utf8_unicode_ci;

--
-- Дамп данных таблицы `users`
--

INSERT INTO `users` (`id`, `email`, `name`, `remember_token`, `password`, `created_at`, `updated_at`) VALUES
(1, 'vetlugins@gmail.com', 'Ветлугин Александр', 'Xjhtn5FfYzFfahQLYA1WSe3NDtNn5njHpmWSw41uDWU1QNU4ZrinzslB0TXX', '$2y$10$I24M74eExyUZPhPGwOcP8ePMxioxDgbSLg2biuTRn0Af4RJuTqlum', '0000-00-00 00:00:00', '2017-09-11 14:56:30');

-- --------------------------------------------------------

--
-- Структура таблицы `widgets`
--

CREATE TABLE `widgets` (
  `id` int(11) NOT NULL,
  `title` varchar(255) NOT NULL,
  `type` tinyint(4) NOT NULL,
  `jdata` text NOT NULL,
  `position` int(11) NOT NULL,
  `visible` tinyint(4) NOT NULL DEFAULT '1',
  `enabled` tinyint(4) NOT NULL DEFAULT '1',
  `created_at` timestamp NOT NULL DEFAULT CURRENT_TIMESTAMP,
  `updated_at` timestamp NOT NULL DEFAULT CURRENT_TIMESTAMP,
  `deleted_at` timestamp NULL DEFAULT NULL
) ENGINE=InnoDB DEFAULT CHARSET=utf8;

--
-- Дамп данных таблицы `widgets`
--

INSERT INTO `widgets` (`id`, `title`, `type`, `jdata`, `position`, `visible`, `enabled`, `created_at`, `updated_at`, `deleted_at`) VALUES
(1, 'Цифровой блок', 1, '{"widget":{"fields":{"blocks":[{"number":"2000","title":"\\u041a\\u043b\\u0438\\u0435\\u043d\\u0442\\u043e\\u0432","text":"\\u0423 \\u043d\\u0430\\u0441 \\u0431\\u043e\\u043b\\u0435\\u0435 200 \\u043a\\u043b\\u0438\\u0435\\u043d\\u0442\\u043e\\u0432 \\u0432 \\u0433\\u043e\\u0434"},{"number":"15","title":"\\u041d\\u0430 \\u0440\\u044b\\u043d\\u043a\\u0435","text":"\\u0411\\u043e\\u043b\\u0435\\u0435 15 \\u043b\\u0435\\u0442 \\u043d\\u0430 \\u0440\\u044b\\u043d\\u043a\\u0435"},{"number":"150000","title":"\\u041d\\u0430\\u0438\\u043c\\u0435\\u043d\\u043e\\u0432\\u0430\\u043d\\u0438\\u0439","text":"\\u0411\\u043e\\u043b\\u0435\\u0435 150 000 \\u043d\\u0430\\u0438\\u043c\\u0435\\u043d\\u043e\\u0432\\u0430\\u043d\\u0438\\u0439"},{"number":"0","title":"\\u041d\\u0435 \\u0434\\u043e\\u0432\\u043e\\u043b\\u044c\\u043d\\u044b\\u0445","text":"\\u0423 \\u043d\\u0430\\u0441 \\u041d\\u0415\\u0422 \\u043e\\u0442\\u0440\\u0438\\u0446\\u0430\\u0442\\u0435\\u043b\\u044c\\u043d\\u044b\\u0445 \\u043e\\u0442\\u0437\\u044b\\u0432\\u043e\\u0432 \\u043e\\u0442 \\u043a\\u043b\\u0438\\u0435\\u043d\\u0442\\u043e\\u0432"}],"title":"\\u041e \\u043d\\u0430\\u0441 \\u0432 \\u0446\\u0438\\u0444\\u0440\\u0430\\u0445","text":""}}}', 1, 1, 1, '2017-09-21 07:57:35', '2017-09-21 11:45:12', NULL),
(2, 'Преимущества', 2, '{"widget":{"fields":{"blocks":[{"icon":"fa-suitcase","title":"\\u0411\\u043e\\u043b\\u044c\\u0448\\u043e\\u0439 \\u043e\\u043f\\u044b\\u0442","text":""},{"icon":"fa-wifi","title":"\\u041e\\u043f\\u0435\\u0440\\u0430\\u0442\\u0438\\u0432\\u043d\\u043e\\u0441\\u0442\\u044c","text":""},{"icon":"fa-github ","title":"Github ","text":""},{"icon":"","title":"","text":""}],"title":"\\u041d\\u0430\\u0448\\u0438 \\u043f\\u0440\\u0435\\u0438\\u043c\\u0443\\u0449\\u0435\\u0441\\u0442\\u0432\\u0430","text":""}}}', 2, 1, 1, '2017-09-21 08:04:06', '2017-09-21 12:01:05', NULL);

--
-- Индексы сохранённых таблиц
--

--
-- Индексы таблицы `activities`
--
ALTER TABLE `activities`
  ADD PRIMARY KEY (`id`),
  ADD KEY `activities_user_id_index` (`user_id`),
  ADD KEY `activities_observable_id_index` (`observable_id`);

--
-- Индексы таблицы `categories`
--
ALTER TABLE `categories`
  ADD PRIMARY KEY (`id`),
  ADD KEY `cat_rubrics_visible_index` (`visible`),
  ADD KEY `cat_rubrics_parent_id_index` (`parent_id`),
  ADD KEY `cat_rubrics_position_index` (`position`);

--
-- Индексы таблицы `covers`
--
ALTER TABLE `covers`
  ADD PRIMARY KEY (`id`),
  ADD KEY `covers_coverable_id_index` (`coverable_id`),
  ADD KEY `covers_coverable_type_index` (`coverable_type`);

--
-- Индексы таблицы `filters`
--
ALTER TABLE `filters`
  ADD PRIMARY KEY (`id`);

--
-- Индексы таблицы `link_files`
--
ALTER TABLE `link_files`
  ADD UNIQUE KEY `id` (`id`),
  ADD KEY `link_files_objectable_id_objectable_type_index` (`objectable_id`,`objectable_type`);

--
-- Индексы таблицы `menus`
--
ALTER TABLE `menus`
  ADD PRIMARY KEY (`id`);

--
-- Индексы таблицы `menu_page`
--
ALTER TABLE `menu_page`
  ADD KEY `menu_page_menu_id_index` (`menu_id`),
  ADD KEY `menu_page_page_id_index` (`page_id`);

--
-- Индексы таблицы `news`
--
ALTER TABLE `news`
  ADD PRIMARY KEY (`id`);

--
-- Индексы таблицы `pages`
--
ALTER TABLE `pages`
  ADD PRIMARY KEY (`id`),
  ADD KEY `pages_position_index` (`position`),
  ADD KEY `pages_visible_index` (`visible`);

--
-- Индексы таблицы `photos`
--
ALTER TABLE `photos`
  ADD PRIMARY KEY (`id`),
  ADD KEY `photos_visible_index` (`visible`),
  ADD KEY `photos_position_index` (`position`),
  ADD KEY `photos_rotation_index` (`rotation`),
  ADD KEY `photos_object_id_index` (`object_id`);

--
-- Индексы таблицы `products`
--
ALTER TABLE `products`
  ADD PRIMARY KEY (`id`);

--
-- Индексы таблицы `services`
--
ALTER TABLE `services`
  ADD PRIMARY KEY (`id`);

--
-- Индексы таблицы `site_params`
--
ALTER TABLE `site_params`
  ADD UNIQUE KEY `id` (`id`);

--
-- Индексы таблицы `users`
--
ALTER TABLE `users`
  ADD PRIMARY KEY (`id`),
  ADD UNIQUE KEY `users_email_unique` (`email`),
  ADD KEY `users_remember_token_index` (`remember_token`);

--
-- Индексы таблицы `widgets`
--
ALTER TABLE `widgets`
  ADD PRIMARY KEY (`id`);

--
-- AUTO_INCREMENT для сохранённых таблиц
--

--
-- AUTO_INCREMENT для таблицы `activities`
--
ALTER TABLE `activities`
  MODIFY `id` int(10) UNSIGNED NOT NULL AUTO_INCREMENT, AUTO_INCREMENT=225;
--
-- AUTO_INCREMENT для таблицы `categories`
--
ALTER TABLE `categories`
  MODIFY `id` int(10) UNSIGNED NOT NULL AUTO_INCREMENT, AUTO_INCREMENT=6;
--
-- AUTO_INCREMENT для таблицы `covers`
--
ALTER TABLE `covers`
  MODIFY `id` int(10) UNSIGNED NOT NULL AUTO_INCREMENT, AUTO_INCREMENT=7;
--
-- AUTO_INCREMENT для таблицы `filters`
--
ALTER TABLE `filters`
  MODIFY `id` int(11) NOT NULL AUTO_INCREMENT, AUTO_INCREMENT=5;
--
-- AUTO_INCREMENT для таблицы `link_files`
--
ALTER TABLE `link_files`
  MODIFY `id` int(10) NOT NULL AUTO_INCREMENT;
--
-- AUTO_INCREMENT для таблицы `menus`
--
ALTER TABLE `menus`
  MODIFY `id` int(10) UNSIGNED NOT NULL AUTO_INCREMENT, AUTO_INCREMENT=3;
--
-- AUTO_INCREMENT для таблицы `news`
--
ALTER TABLE `news`
  MODIFY `id` int(10) NOT NULL AUTO_INCREMENT, AUTO_INCREMENT=2;
--
-- AUTO_INCREMENT для таблицы `pages`
--
ALTER TABLE `pages`
  MODIFY `id` int(10) UNSIGNED NOT NULL AUTO_INCREMENT, AUTO_INCREMENT=11;
--
-- AUTO_INCREMENT для таблицы `photos`
--
ALTER TABLE `photos`
  MODIFY `id` int(10) UNSIGNED NOT NULL AUTO_INCREMENT, AUTO_INCREMENT=3;
--
-- AUTO_INCREMENT для таблицы `products`
--
ALTER TABLE `products`
  MODIFY `id` int(11) NOT NULL AUTO_INCREMENT;
--
-- AUTO_INCREMENT для таблицы `services`
--
ALTER TABLE `services`
  MODIFY `id` int(10) NOT NULL AUTO_INCREMENT, AUTO_INCREMENT=2;
--
-- AUTO_INCREMENT для таблицы `users`
--
ALTER TABLE `users`
  MODIFY `id` int(10) UNSIGNED NOT NULL AUTO_INCREMENT, AUTO_INCREMENT=2;
--
-- AUTO_INCREMENT для таблицы `widgets`
--
ALTER TABLE `widgets`
  MODIFY `id` int(11) NOT NULL AUTO_INCREMENT, AUTO_INCREMENT=3;
/*!40101 SET CHARACTER_SET_CLIENT=@OLD_CHARACTER_SET_CLIENT */;
/*!40101 SET CHARACTER_SET_RESULTS=@OLD_CHARACTER_SET_RESULTS */;
/*!40101 SET COLLATION_CONNECTION=@OLD_COLLATION_CONNECTION */;
